TaskID,Date,TaskName,TaskDescription,LastDate,TaskPriority
1,22/06/2023,test taskname 8,test task 1,26/06/2023,M
2,25/07/2023,test taskname 7,test task 3,20/12/2023,L
3,17/01/2023,test taskname 7,test task 1,02/05/2023,M
4,19/03/2023,test taskname 3,test task 0,25/03/2023,L
5,07/09/2023,test taskname 0,test task 6,05/09/2023,L
6,01/03/2023,test taskname 1,test task 1,22/09/2023,M
7,16/08/2023,test taskname 0,test task 0,10/01/2023,M
8,20/03/2023,test taskname 6,test task 4,21/06/2023,M
9,08/09/2022,test taskname 5,test task 8,27/03/2023,L
10,24/12/2023,test taskname 7,test task 6,26/12/2022,L
